<?xml version="1.0" encoding="UTF-8"?>
<addon id="plugin.video.libracenter"
       version="0.0.1"
       name="Libra Media Center"
       provider-name="matthew">
    <requires>
        <import addon="xbmc.python" version="2.24.0"/>
        <import addon="repository.exodus" version="1.0.0" />
		<import addon="script.exodus.artwork" version="1.0.4" />
		<import addon="script.exodus.metadata" version="1.0.0" />
		<import addon="script.module.urlresolver" version="3.0.0" />
		<import addon="script.module.metahandler" version="1.0.0" />
    </requires>
    <extension point="xbmc.python.pluginsource" library="libracenter.py">
        <provides>video</provides>
    </extension>
    <extension point="xbmc.addon.metadata">
        <summary lang="en">Libra Center Kodi Video Plugin</summary>
        <description lang="en">Personal mediacenter.</description>
        <disclaimer lang="en">Free sample videos are provided by www.vidsplay.com.</disclaimer>
        <assets>
            <icon>icon.png</icon>
            <fanart>fanart.jpg</fanart>
            <screenshot>resources\screenshot-01.jpg</screenshot>
            <screenshot>resources\screenshot-02.jpg</screenshot>
            <screenshot>resources\screenshot-03.jpg</screenshot>
        </assets>
        <news>- Changed name
        - MVP version</news>
    </extension>
</addon>
