<?xml version="1.0" encoding="UTF-8"?>
<addon id="plugin.video.libra"
       version="1.0.0"
       name="Example Kodi Video Plugin"
       provider-name="matthew">
    <requires>
        <import addon="xbmc.python" version="2.24.0"/>
    </requires>
    <extension point="xbmc.python.pluginsource" library="libra.py">
        <provides>video</provides>
    </extension>
    <extension point="xbmc.addon.metadata">
        <summary lang="en">Libra Kodi Video Plugin</summary>
        <description lang="en">An  video plugin for Kodi mediacenter.</description>
        <disclaimer lang="en">Free sample videos are provided by www.vidsplay.com.</disclaimer>
        <assets>
            <icon>icon.png</icon>
            <fanart>fanart.jpg</fanart>
            <screenshot>resources\screenshot-01.jpg</screenshot>
            <screenshot>resources\screenshot-02.jpg</screenshot>
            <screenshot>resources\screenshot-03.jpg</screenshot>
        </assets>
        <news>Updated with latest artwork metadata</news>
    </extension>
</addon>
